user_id,visit_date
167,29-08-2023
4,03-08-2023
102,20-08-2023
204,24-08-2023
241,27-08-2023
319,05-08-2023
274,03-08-2023
159,29-08-2023
304,03-08-2023
276,14-08-2023
273,16-08-2023
135,11-08-2023
190,09-08-2023
299,19-08-2023
239,07-08-2023
287,23-08-2023
259,28-08-2023
259,27-08-2023
331,13-08-2023
158,18-08-2023
372,10-08-2023
107,23-08-2023
40,28-08-2023
335,22-08-2023
266,20-08-2023
313,21-08-2023
116,12-08-2023
15,12-08-2023
298,21-08-2023
102,15-08-2023
254,19-08-2023
154,11-08-2023
221,15-08-2023
147,19-08-2023
291,22-08-2023
381,22-08-2023
90,04-08-2023
294,21-08-2023
239,04-08-2023
292,02-08-2023
258,24-08-2023
317,20-08-2023
243,04-08-2023
148,12-08-2023
55,03-08-2023
156,30-08-2023
23,08-08-2023
245,05-08-2023
158,28-08-2023
265,05-08-2023
271,08-08-2023
40,24-08-2023
313,16-08-2023
36,22-08-2023
72,12-08-2023
23,27-08-2023
190,08-08-2023
309,28-08-2023
32,28-08-2023
315,06-08-2023
259,13-08-2023
131,16-08-2023
114,22-08-2023
199,23-08-2023
129,11-08-2023
334,28-08-2023
99,19-08-2023
292,21-08-2023
159,04-08-2023
242,27-08-2023
308,05-08-2023
304,20-08-2023
224,29-08-2023
144,03-08-2023
136,28-08-2023
270,04-08-2023
281,18-08-2023
201,09-08-2023
103,24-08-2023
232,24-08-2023
199,04-08-2023
61,03-08-2023
136,17-08-2023
167,19-08-2023
236,06-08-2023
258,24-08-2023
115,14-08-2023
388,17-08-2023
309,16-08-2023
382,23-08-2023
189,29-08-2023
346,21-08-2023
387,14-08-2023
233,01-08-2023
244,14-08-2023
22,22-08-2023
227,07-08-2023
394,24-08-2023
397,30-08-2023
144,17-08-2023
297,02-08-2023
304,14-08-2023
103,04-08-2023
142,17-08-2023
176,12-08-2023
183,23-08-2023
246,17-08-2023
292,07-08-2023
115,09-08-2023
115,08-08-2023
118,18-08-2023
286,13-08-2023
328,23-08-2023
14,06-08-2023
53,21-08-2023
139,30-08-2023
9,17-08-2023
55,15-08-2023
214,25-08-2023
327,06-08-2023
260,12-08-2023
299,26-08-2023
314,16-08-2023
155,11-08-2023
34,12-08-2023
300,02-08-2023
90,18-08-2023
339,21-08-2023
159,22-08-2023
30,25-08-2023
92,26-08-2023
80,26-08-2023
329,17-08-2023
59,31-08-2023
275,23-08-2023
16,27-08-2023
296,07-08-2023
305,18-08-2023
48,23-08-2023
298,23-08-2023
64,12-08-2023
191,06-08-2023
105,01-08-2023
123,02-08-2023
42,22-08-2023
67,14-08-2023
368,20-08-2023
372,02-08-2023
83,16-08-2023
176,01-08-2023
5,20-08-2023
370,13-08-2023
320,11-08-2023
177,18-08-2023
156,08-08-2023
336,24-08-2023
229,11-08-2023
330,19-08-2023
310,18-08-2023
67,14-08-2023
83,11-08-2023
33,19-08-2023
74,24-08-2023
144,08-08-2023
398,18-08-2023
315,20-08-2023
145,30-08-2023
51,30-08-2023
35,05-08-2023
77,21-08-2023
369,26-08-2023
387,21-08-2023
178,05-08-2023
344,18-08-2023
216,22-08-2023
275,01-08-2023
315,20-08-2023
144,11-08-2023
183,19-08-2023
75,12-08-2023
164,28-08-2023
67,22-08-2023
53,17-08-2023
32,26-08-2023
48,15-08-2023
12,05-08-2023
258,07-08-2023
246,22-08-2023
81,12-08-2023
109,28-08-2023
9,17-08-2023
323,28-08-2023
91,22-08-2023
94,22-08-2023
303,30-08-2023
202,07-08-2023
140,30-08-2023
385,10-08-2023
321,09-08-2023
247,29-08-2023
14,31-08-2023
364,29-08-2023
383,31-08-2023
377,06-08-2023
316,09-08-2023
209,18-08-2023
24,07-08-2023
230,22-08-2023
51,16-08-2023
389,16-08-2023
30,13-08-2023
396,27-08-2023
302,30-08-2023
176,18-08-2023
120,25-08-2023
385,31-08-2023
241,14-08-2023
327,27-08-2023
375,28-08-2023
320,29-08-2023
281,03-08-2023
319,08-08-2023
217,21-08-2023
160,19-08-2023
64,28-08-2023
44,02-08-2023
118,22-08-2023
175,29-08-2023
180,07-08-2023
135,24-08-2023
66,31-08-2023
68,26-08-2023
93,21-08-2023
288,21-08-2023
241,09-08-2023
133,21-08-2023
22,30-08-2023
344,26-08-2023
169,01-08-2023
388,11-08-2023
139,03-08-2023
123,06-08-2023
256,03-08-2023
182,30-08-2023
137,10-08-2023
51,21-08-2023
296,09-08-2023
207,08-08-2023
52,22-08-2023
127,28-08-2023
132,17-08-2023
264,06-08-2023
139,09-08-2023
331,01-08-2023
272,28-08-2023
88,28-08-2023
90,03-08-2023
262,08-08-2023
23,22-08-2023
214,06-08-2023
24,20-08-2023
146,31-08-2023
71,09-08-2023
193,01-08-2023
254,06-08-2023
106,02-08-2023
237,17-08-2023
331,23-08-2023
302,03-08-2023
39,29-08-2023
271,01-08-2023
53,21-08-2023
341,07-08-2023
269,29-08-2023
357,31-08-2023
330,30-08-2023
48,05-08-2023
64,20-08-2023
236,28-08-2023
45,09-08-2023
303,29-08-2023
75,04-08-2023
47,04-08-2023
304,19-08-2023
212,30-08-2023
91,29-08-2023
77,05-08-2023
185,10-08-2023
255,03-08-2023
88,12-08-2023
71,19-08-2023
225,29-08-2023
227,29-08-2023
130,06-08-2023
328,12-08-2023
344,02-08-2023
187,20-08-2023
43,21-08-2023
245,24-08-2023
361,22-08-2023
202,25-08-2023
326,27-08-2023
21,16-08-2023
193,30-08-2023
82,31-08-2023
69,22-08-2023
111,12-08-2023
59,11-08-2023
119,12-08-2023
282,28-08-2023
213,16-08-2023
172,31-08-2023
237,04-08-2023
160,19-08-2023
265,30-08-2023
255,06-08-2023
360,29-08-2023
245,01-08-2023
385,21-08-2023
81,11-08-2023
212,31-08-2023
73,13-08-2023
34,10-08-2023
236,25-08-2023
189,08-08-2023
332,03-08-2023
378,11-08-2023
254,24-08-2023
274,14-08-2023
196,14-08-2023
152,03-08-2023
181,09-08-2023
279,18-08-2023
22,16-08-2023
201,04-08-2023
197,01-08-2023
216,22-08-2023
192,08-08-2023
21,14-08-2023
390,26-08-2023
204,03-08-2023
163,27-08-2023
300,29-08-2023
89,27-08-2023
23,09-08-2023
297,23-08-2023
276,21-08-2023
2,05-08-2023
279,13-08-2023
313,29-08-2023
67,29-08-2023
24,11-08-2023
80,29-08-2023
40,05-08-2023
300,15-08-2023
53,19-08-2023
345,01-08-2023
270,30-08-2023
397,04-08-2023
70,21-08-2023
219,31-08-2023
291,24-08-2023
76,20-08-2023
156,05-08-2023
180,22-08-2023
294,16-08-2023
162,05-08-2023
88,30-08-2023
212,21-08-2023
270,17-08-2023
306,04-08-2023
251,19-08-2023
263,26-08-2023
37,19-08-2023
247,30-08-2023
133,24-08-2023
298,30-08-2023
221,21-08-2023
339,29-08-2023
312,05-08-2023
183,13-08-2023
80,11-08-2023
343,31-08-2023
304,13-08-2023
296,02-08-2023
128,24-08-2023
217,08-08-2023
287,11-08-2023
337,18-08-2023
382,27-08-2023
201,05-08-2023
252,12-08-2023
317,08-08-2023
382,12-08-2023
240,23-08-2023
103,14-08-2023
356,05-08-2023
79,12-08-2023
40,03-08-2023
389,03-08-2023
96,09-08-2023
181,19-08-2023
350,19-08-2023
278,01-08-2023
184,10-08-2023
57,27-08-2023
361,12-08-2023
183,03-08-2023
233,18-08-2023
311,10-08-2023
82,14-08-2023
250,19-08-2023
303,12-08-2023
202,04-08-2023
124,13-08-2023
211,28-08-2023
185,29-08-2023
200,09-08-2023
124,03-08-2023
336,11-08-2023
298,13-08-2023
139,27-08-2023
206,20-08-2023
294,22-08-2023
311,15-08-2023
209,28-08-2023
61,11-08-2023
203,08-08-2023
59,22-08-2023
382,26-08-2023
279,14-08-2023
369,05-08-2023
386,01-08-2023
307,14-08-2023
262,04-08-2023
62,20-08-2023
34,11-08-2023
11,29-08-2023
400,22-08-2023
50,29-08-2023
61,26-08-2023
337,22-08-2023
15,01-08-2023
108,25-08-2023
102,20-08-2023
179,31-08-2023
388,11-08-2023
338,10-08-2023
391,26-08-2023
168,28-08-2023
33,08-08-2023
120,24-08-2023
117,04-08-2023
57,01-08-2023
218,20-08-2023
302,29-08-2023
331,21-08-2023
93,20-08-2023
260,01-08-2023
11,21-08-2023
393,09-08-2023
379,10-08-2023
197,14-08-2023
287,10-08-2023
238,21-08-2023
164,08-08-2023
58,25-08-2023
257,13-08-2023
266,14-08-2023
219,04-08-2023
157,26-08-2023
34,26-08-2023
131,13-08-2023
395,10-08-2023
149,02-08-2023
18,12-08-2023
53,09-08-2023
310,08-08-2023
298,24-08-2023
76,12-08-2023
37,29-08-2023
90,11-08-2023
3,29-08-2023
92,25-08-2023
354,01-08-2023
385,23-08-2023
358,12-08-2023
321,22-08-2023
14,07-08-2023
98,24-08-2023
111,12-08-2023
122,05-08-2023
321,15-08-2023
227,25-08-2023
2,19-08-2023
167,15-08-2023
62,18-08-2023
343,09-08-2023
282,31-08-2023
339,10-08-2023
